{
  "suffix": "10.05-14:01",
  "generated_at": "2026-05-10T17:36:40",
  "files": {
    "depay": "rec_depay_10.05-14:01.csv",
    "full": "rec_full_10.05-14:01.csv",
    "decoder": "rec_decoder_10.05-14:01.csv"
  },
  "overview": {
    "depay": {
      "rows": 9562,
      "duration_s": 132.768,
      "start": "14:01:39.246000",
      "end": "14:03:52.014000",
      "cams": [
        0,
        1,
        2
      ]
    },
    "full": {
      "rows": 9039,
      "duration_s": 132.772,
      "start": "14:01:39.245000",
      "end": "14:03:52.017000",
      "cams": [
        0,
        1,
        2
      ]
    },
    "decoder": {
      "rows": 9291,
      "duration_s": 132.772,
      "start": "14:01:39.245000",
      "end": "14:03:52.017000",
      "cams": [
        0,
        1,
        2
      ]
    }
  },
  "dropped": {
    "depay": {
      "total": 0,
      "rows_with_drops": 0,
      "per_cam": {
        "0": 0,
        "1": 0,
        "2": 0
      }
    },
    "full": {
      "total": 523,
      "rows_with_drops": 253,
      "per_cam": {
        "0": 352,
        "1": 69,
        "2": 102
      }
    },
    "decoder": {
      "total": 274,
      "rows_with_drops": 4,
      "per_cam": {
        "0": 225,
        "1": 0,
        "2": 49
      }
    }
  },
  "depay_latency": {
    "global": {
      "mean": 2.9151,
      "std": 4.7056,
      "min": 0.1121,
      "max": 65.5406,
      "p50": 1.8694,
      "p90": 5.0025,
      "p95": 8.1975,
      "p99": 27.8853,
      "spikes_above_1.0": 6531,
      "spikes_above_1.0_pct": 68.302,
      "spikes_above_5.0": 958,
      "spikes_above_5.0_pct": 10.019
    },
    "per_cam": {
      "0": {
        "mean": 2.6517,
        "std": 5.293,
        "min": 0.1121,
        "max": 54.6919,
        "p50": 1.06,
        "p90": 4.2052,
        "p95": 11.1052,
        "p99": 29.9323,
        "spikes_above_1.0": 1682,
        "spikes_above_1.0_pct": 50.663,
        "spikes_above_5.0": 272,
        "spikes_above_5.0_pct": 8.193
      },
      "1": {
        "mean": 2.9401,
        "std": 4.2351,
        "min": 0.1449,
        "max": 65.5406,
        "p50": 1.9881,
        "p90": 4.9852,
        "p95": 7.6966,
        "p99": 25.7333,
        "spikes_above_1.0": 2372,
        "spikes_above_1.0_pct": 76.615,
        "spikes_above_5.0": 306,
        "spikes_above_5.0_pct": 9.884
      },
      "2": {
        "mean": 3.1684,
        "std": 4.4677,
        "min": 0.1779,
        "max": 52.497,
        "p50": 2.1246,
        "p90": 5.5197,
        "p95": 7.8908,
        "p99": 27.7177,
        "spikes_above_1.0": 2477,
        "spikes_above_1.0_pct": 78.735,
        "spikes_above_5.0": 380,
        "spikes_above_5.0_pct": 12.079
      }
    }
  },
  "depay_rtp_gaps": {
    "0": {
      "rtp_range": [
        11147,
        60443
      ],
      "mean_step": 14.853,
      "gaps_above_15": 152,
      "max_gap": 164
    },
    "1": {
      "rtp_range": [
        12402,
        58317
      ],
      "mean_step": 14.835,
      "gaps_above_15": 144,
      "max_gap": 162
    },
    "2": {
      "rtp_range": [
        7780,
        54377
      ],
      "mean_step": 14.816,
      "gaps_above_15": 110,
      "max_gap": 163
    }
  },
  "decoder_latency": {
    "global": {
      "mean": 3.1542,
      "std": 1.6798,
      "min": 1.2989,
      "max": 18.9705,
      "p50": 2.9367,
      "p90": 3.5072,
      "p95": 3.7625,
      "p99": 13.3324,
      "spikes_above_5.0": 251,
      "spikes_above_5.0_pct": 2.703,
      "spikes_above_20.0": 0,
      "spikes_above_20.0_pct": 0.0
    },
    "per_cam": {
      "0": {
        "mean": 3.0192,
        "std": 2.1097,
        "min": 1.2989,
        "max": 18.0429,
        "p50": 2.6498,
        "p90": 3.1539,
        "p95": 3.6561,
        "p99": 14.4373,
        "spikes_above_5.0": 123,
        "spikes_above_5.0_pct": 3.977,
        "spikes_above_20.0": 0,
        "spikes_above_20.0_pct": 0.0
      },
      "1": {
        "mean": 3.2259,
        "std": 1.4828,
        "min": 1.5658,
        "max": 18.9705,
        "p50": 3.0835,
        "p90": 3.5608,
        "p95": 3.8305,
        "p99": 12.5654,
        "spikes_above_5.0": 63,
        "spikes_above_5.0_pct": 2.034,
        "spikes_above_20.0": 0,
        "spikes_above_20.0_pct": 0.0
      },
      "2": {
        "mean": 3.2172,
        "std": 1.3388,
        "min": 1.5226,
        "max": 16.6432,
        "p50": 3.1132,
        "p90": 3.5673,
        "p95": 3.7323,
        "p99": 11.8176,
        "spikes_above_5.0": 65,
        "spikes_above_5.0_pct": 2.099,
        "spikes_above_20.0": 0,
        "spikes_above_20.0_pct": 0.0
      }
    }
  },
  "full_latency": {
    "global": {
      "mean": 5.5906,
      "std": 4.2184,
      "min": 0.0299,
      "max": 66.8092,
      "p50": 4.8755,
      "p90": 7.8168,
      "p95": 9.5618,
      "p99": 28.0441,
      "spikes_above_10.0": 392,
      "spikes_above_10.0_pct": 4.462,
      "spikes_above_25.0": 95,
      "spikes_above_25.0_pct": 1.081
    },
    "per_cam": {
      "0": {
        "mean": 4.5705,
        "std": 3.5079,
        "min": 0.0318,
        "max": 66.8092,
        "p50": 3.9585,
        "p90": 6.3476,
        "p95": 7.7998,
        "p99": 16.1754,
        "spikes_above_10.0": 65,
        "spikes_above_10.0_pct": 2.29,
        "spikes_above_25.0": 19,
        "spikes_above_25.0_pct": 0.669
      },
      "1": {
        "mean": 5.8781,
        "std": 3.9866,
        "min": 0.0721,
        "max": 58.1732,
        "p50": 5.1086,
        "p90": 7.9419,
        "p95": 9.7293,
        "p99": 26.193,
        "spikes_above_10.0": 139,
        "spikes_above_10.0_pct": 4.699,
        "spikes_above_25.0": 30,
        "spikes_above_25.0_pct": 1.014
      },
      "2": {
        "mean": 6.2744,
        "std": 4.8335,
        "min": 0.0299,
        "max": 56.1072,
        "p50": 5.3166,
        "p90": 8.5456,
        "p95": 10.6578,
        "p99": 34.101,
        "spikes_above_10.0": 188,
        "spikes_above_10.0_pct": 6.288,
        "spikes_above_25.0": 46,
        "spikes_above_25.0_pct": 1.538
      }
    }
  },
  "health": {
    "status": "ISSUES",
    "issues": [
      "WARNING  [depay] 10.02% of rows exceed 5.0 ms",
      "WARNING  [full] 1.08% of rows exceed 25.0 ms",
      "WARNING  [full] 523 dropped packets across 253 rows",
      "WARNING  [decoder] 274 dropped packets across 4 rows",
      "NOTICE   [depay] cam 0: 152 RTP gaps > 15",
      "NOTICE   [depay] cam 1: 144 RTP gaps > 15",
      "NOTICE   [depay] cam 2: 110 RTP gaps > 15"
    ]
  }
}