{
  "suffix": "09.05-12:59",
  "generated_at": "2026-05-09T13:55:10",
  "files": {
    "depay": "rec_depay_09.05-12:59.csv",
    "full": "rec_full_09.05-12:59.csv",
    "decoder": "rec_decoder_09.05-12:59.csv"
  },
  "overview": {
    "depay": {
      "rows": 27600,
      "duration_s": 392.128,
      "start": "12:59:13.814000",
      "end": "13:05:45.942000",
      "cams": [
        0,
        1,
        2
      ]
    },
    "full": {
      "rows": 23700,
      "duration_s": 378.043,
      "start": "12:59:27.898000",
      "end": "13:05:45.941000",
      "cams": [
        0,
        1,
        2
      ]
    },
    "decoder": {
      "rows": 25051,
      "duration_s": 392.132,
      "start": "12:59:13.813000",
      "end": "13:05:45.945000",
      "cams": [
        0,
        1,
        2
      ]
    }
  },
  "depay_latency": {
    "global": {
      "mean": 3.3659,
      "std": 7.6666,
      "min": 0.1102,
      "max": 160.5977,
      "p50": 1.294,
      "p90": 5.3605,
      "p95": 16.2439,
      "p99": 41.6466,
      "spikes_above_1.0": 16873,
      "spikes_above_1.0_pct": 61.134,
      "spikes_above_5.0": 2980,
      "spikes_above_5.0_pct": 10.797
    },
    "per_cam": {
      "0": {
        "mean": 3.357,
        "std": 7.8571,
        "min": 0.1102,
        "max": 128.4437,
        "p50": 1.1453,
        "p90": 5.4132,
        "p95": 17.8953,
        "p99": 41.3606,
        "spikes_above_1.0": 5494,
        "spikes_above_1.0_pct": 56.067,
        "spikes_above_5.0": 1055,
        "spikes_above_5.0_pct": 10.766
      },
      "1": {
        "mean": 3.5833,
        "std": 7.9237,
        "min": 0.1471,
        "max": 160.5977,
        "p50": 1.5189,
        "p90": 5.6771,
        "p95": 15.6107,
        "p99": 44.224,
        "spikes_above_1.0": 6644,
        "spikes_above_1.0_pct": 70.299,
        "spikes_above_5.0": 1098,
        "spikes_above_5.0_pct": 11.618
      },
      "2": {
        "mean": 3.1303,
        "std": 7.1185,
        "min": 0.1857,
        "max": 119.4187,
        "p50": 1.1837,
        "p90": 4.9477,
        "p95": 14.3578,
        "p99": 38.0601,
        "spikes_above_1.0": 4735,
        "spikes_above_1.0_pct": 56.707,
        "spikes_above_5.0": 827,
        "spikes_above_5.0_pct": 9.904
      }
    }
  },
  "depay_rtp_gaps": {
    "0": {
      "rtp_range": [
        1,
        65534
      ],
      "mean_step": 6.688,
      "gaps_above_15": 165,
      "max_gap": 133
    },
    "1": {
      "rtp_range": [
        6,
        65535
      ],
      "mean_step": 6.934,
      "gaps_above_15": 51,
      "max_gap": 100
    },
    "2": {
      "rtp_range": [
        0,
        65522
      ],
      "mean_step": 7.848,
      "gaps_above_15": 29,
      "max_gap": 131
    }
  },
  "decoder_latency": {
    "global": {
      "mean": 3.2785,
      "std": 1.9867,
      "min": 0.0498,
      "max": 57.4455,
      "p50": 2.9898,
      "p90": 3.562,
      "p95": 3.8748,
      "p99": 15.1858,
      "spikes_above_5.0": 716,
      "spikes_above_5.0_pct": 2.858,
      "spikes_above_20.0": 13,
      "spikes_above_20.0_pct": 0.052
    },
    "per_cam": {
      "0": {
        "mean": 3.1739,
        "std": 2.4408,
        "min": 0.4361,
        "max": 25.4529,
        "p50": 2.7221,
        "p90": 3.2734,
        "p95": 3.8606,
        "p99": 16.2854,
        "spikes_above_5.0": 341,
        "spikes_above_5.0_pct": 4.084,
        "spikes_above_20.0": 7,
        "spikes_above_20.0_pct": 0.084
      },
      "1": {
        "mean": 3.3375,
        "std": 1.7716,
        "min": 0.7807,
        "max": 57.4455,
        "p50": 3.1445,
        "p90": 3.6189,
        "p95": 3.8976,
        "p99": 14.4766,
        "spikes_above_5.0": 190,
        "spikes_above_5.0_pct": 2.275,
        "spikes_above_20.0": 4,
        "spikes_above_20.0_pct": 0.048
      },
      "2": {
        "mean": 3.3239,
        "std": 1.6522,
        "min": 0.0498,
        "max": 28.1706,
        "p50": 3.1246,
        "p90": 3.6007,
        "p95": 3.8444,
        "p99": 14.277,
        "spikes_above_5.0": 185,
        "spikes_above_5.0_pct": 2.216,
        "spikes_above_20.0": 2,
        "spikes_above_20.0_pct": 0.024
      }
    }
  },
  "full_latency": {
    "global": {
      "mean": 5.4418,
      "std": 5.9596,
      "min": 0.0216,
      "max": 136.5163,
      "p50": 4.315,
      "p90": 7.7092,
      "p95": 10.7266,
      "p99": 32.5543,
      "spikes_above_6.0": 4872,
      "spikes_above_6.0_pct": 20.557,
      "spikes_above_25.0": 399,
      "spikes_above_25.0_pct": 1.684
    },
    "per_cam": {
      "0": {
        "mean": 4.8469,
        "std": 5.5893,
        "min": 0.0216,
        "max": 98.115,
        "p50": 3.8688,
        "p90": 7.0341,
        "p95": 9.5573,
        "p99": 31.138,
        "spikes_above_6.0": 1211,
        "spikes_above_6.0_pct": 15.446,
        "spikes_above_25.0": 118,
        "spikes_above_25.0_pct": 1.505
      },
      "1": {
        "mean": 6.02,
        "std": 6.5306,
        "min": 0.0255,
        "max": 105.8744,
        "p50": 4.7001,
        "p90": 8.4372,
        "p95": 12.8703,
        "p99": 35.1117,
        "spikes_above_6.0": 2045,
        "spikes_above_6.0_pct": 25.746,
        "spikes_above_25.0": 161,
        "spikes_above_25.0_pct": 2.027
      },
      "2": {
        "mean": 5.4508,
        "std": 5.6498,
        "min": 0.0276,
        "max": 136.5163,
        "p50": 4.3703,
        "p90": 7.5965,
        "p95": 10.4491,
        "p99": 30.5766,
        "spikes_above_6.0": 1616,
        "spikes_above_6.0_pct": 20.412,
        "spikes_above_25.0": 120,
        "spikes_above_25.0_pct": 1.516
      }
    }
  },
  "dropped": {
    "depay": {
      "total": 0,
      "rows_with_drops": 0,
      "per_cam": {
        "0": 0,
        "1": 0,
        "2": 0
      }
    },
    "full": {
      "total": 3900,
      "rows_with_drops": 1354,
      "per_cam": {
        "0": 1959,
        "1": 1508,
        "2": 433
      }
    },
    "decoder": {
      "total": 2552,
      "rows_with_drops": 5,
      "per_cam": {
        "0": 1450,
        "1": 1101,
        "2": 1
      }
    }
  },
  "drop_impact_full": {
    "clean": {
      "n": 22346,
      "mean": 5.7597,
      "p50": 4.4106,
      "p95": 11.3515,
      "p99": 33.0959,
      "max": 136.5163
    },
    "dropped": {
      "n": 1354,
      "mean": 0.1954,
      "p50": 0.0993,
      "p95": 0.3425,
      "p99": 0.597,
      "max": 57.6724
    },
    "delta_mean_ms": -5.5643,
    "delta_p99_ms": -32.4989
  },
  "drop_impact_decoder": {
    "clean": {
      "n": 25046,
      "mean": 3.2766,
      "p50": 2.9898,
      "p95": 3.8745,
      "p99": 15.1721,
      "max": 28.1706
    },
    "dropped": {
      "n": 5,
      "mean": 12.3825,
      "p50": 0.7807,
      "p95": 46.5965,
      "p99": 55.2757,
      "max": 57.4455
    },
    "delta_mean_ms": 9.1059,
    "delta_p99_ms": 40.1036
  },
  "throughput": {
    "depay": {
      "mean": 70.23,
      "min": 7,
      "max": 92,
      "low_seconds": 15
    },
    "full": {
      "mean": 70.54,
      "min": 1,
      "max": 82,
      "low_seconds": 2
    },
    "decoder": {
      "mean": 74.34,
      "min": 1,
      "max": 92,
      "low_seconds": 3
    }
  },
  "health": {
    "status": "ISSUES",
    "issues": [
      "WARNING  [depay] 10.80% of rows exceed 5.0 ms",
      "WARNING  [full] 1.68% of rows exceed 25.0 ms",
      "WARNING  [decoder] 0.05% of rows exceed 20.0 ms",
      "WARNING  [full] 3900 dropped packets across 1354 rows",
      "WARNING  [decoder] 2552 dropped packets across 5 rows",
      "NOTICE   [depay] cam 0: 165 RTP gaps > 15",
      "NOTICE   [depay] cam 1: 51 RTP gaps > 15",
      "NOTICE   [depay] cam 2: 29 RTP gaps > 15",
      "NOTICE   [depay] 15 seconds with very low throughput"
    ]
  }
}