abs_time,cam,rtp_seq
1777823131.584727,0,17208
1777823131.585581,2,16565
1777823131.606164,1,8089
1777823132.590989,0,17504
1777823133.596374,0,17845
1777823133.598295,1,8799
